<?xml version="1.0" encoding="UTF-8" standalone="yes"?>
<addons>
<addon id="metadata.movie.brazzers.com" name="Brazzers-scraper" version="1.5.0" provider-name="slashing">
  <requires>
    <import addon="xbmc.metadata" version="1.0"/>
    <import addon="metadata.common.themoviedb.org" version="1.0"/>
  </requires>
  <extension point="xbmc.metadata.scraper.movies" language="en" library="brazzers.xml"/>
  <extension point="xbmc.addon.metadata">
    <summary lang="en">Brazzer.com scraper</summary>
    <description lang="en">Download XXX scene information from brazzers.com</description>
    <platform>all</platform>
  </extension>
</addon>

	<addon id="repository.slashing" name="Brazzers-addon-repository" version="1.0.2" provider-name="slashing">
		<extension point="xbmc.addon.repository" name="XBMC Adult Addons">
			<info compressed="false">http://github.com/slashing/kodi-brazzers/raw/master/addons.xml</info>
			<checksum>http://github.com/slashing/kodi-brazzers/raw/master/addons.xml.md5</checksum>
			<datadir zip="true">http://github.com/slashing/kodi-brazzers/raw/master/repo/</datadir>
		</extension>
		<extension point="xbmc.addon.metadata">
			<summary>XBMC Addons for Brazzers</summary>
			<description>Download XBMC/Kodi Brazzers scraper.</description>
			<platform>all</platform>
	</extension>
</addon>
</addons>
